Datetime,Water Level (m)
2026-04-26 18:00:00,-0.6225836
2026-04-26 19:00:00,-0.5568672
2026-04-26 20:00:00,-0.38500485
2026-04-26 21:00:00,-0.1234566
2026-04-26 22:00:00,0.15027246
2026-04-26 23:00:00,0.36529174
2026-04-27 00:00:00,0.4555063
2026-04-27 01:00:00,0.412297
2026-04-27 02:00:00,0.2544189
2026-04-27 03:00:00,0.02565319
2026-04-27 04:00:00,-0.22693746
2026-04-27 05:00:00,-0.4145952
2026-04-27 06:00:00,-0.4959831
2026-04-27 07:00:00,-0.46306264
2026-04-27 08:00:00,-0.32076347
2026-04-27 09:00:00,-0.070404455
2026-04-27 10:00:00,0.20914397
2026-04-27 11:00:00,0.43899056
2026-04-27 12:00:00,0.5598024
2026-04-27 13:00:00,0.5151064
2026-04-27 14:00:00,0.3748326
2026-04-27 15:00:00,0.08757336
2026-04-27 16:00:00,-0.24456356
2026-04-27 17:00:00,-0.50985485
2026-04-27 18:00:00,-0.7111082
2026-04-27 19:00:00,-0.73127186
2026-04-27 20:00:00,-0.56454235
2026-04-27 21:00:00,-0.3101405
2026-04-27 22:00:00,-0.024362722
2026-04-27 23:00:00,0.27956054
2026-04-28 00:00:00,0.47395086
2026-04-28 01:00:00,0.53914934
2026-04-28 02:00:00,0.46164662
2026-04-28 03:00:00,0.27853948
2026-04-28 04:00:00,-0.001845507
2026-04-28 05:00:00,-0.29456604
2026-04-28 06:00:00,-0.50842017
2026-04-28 07:00:00,-0.6072159
2026-04-28 08:00:00,-0.5487164
2026-04-28 09:00:00,-0.31761548
2026-04-28 10:00:00,-0.03821798
2026-04-28 11:00:00,0.24080096
2026-04-28 12:00:00,0.4967224
2026-04-28 13:00:00,0.5414215
2026-04-28 14:00:00,0.49562266
2026-04-28 15:00:00,0.28506148
2026-04-28 16:00:00,-0.083810695
2026-04-28 17:00:00,-0.4225188
2026-04-28 18:00:00,-0.62803566
2026-04-28 19:00:00,-0.7901407
2026-04-28 20:00:00,-0.71083856
2026-04-28 21:00:00,-0.50325525
2026-04-28 22:00:00,-0.20618255
2026-04-28 23:00:00,0.12368614
2026-04-29 00:00:00,0.44286618
2026-04-29 01:00:00,0.5958475
2026-04-29 02:00:00,0.6622412
2026-04-29 03:00:00,0.51416373
2026-04-29 04:00:00,0.22651544
2026-04-29 05:00:00,-0.11526614
2026-04-29 06:00:00,-0.41039237
2026-04-29 07:00:00,-0.6346301
2026-04-29 08:00:00,-0.67341584
2026-04-29 09:00:00,-0.5328705
2026-04-29 10:00:00,-0.2664967
2026-04-29 11:00:00,0.05454043
2026-04-29 12:00:00,0.3523136
2026-04-29 13:00:00,0.5627525
2026-04-29 14:00:00,0.5816787
2026-04-29 15:00:00,0.40085906
2026-04-29 16:00:00,0.15450005
2026-04-29 17:00:00,-0.2093935
2026-04-29 18:00:00,-0.6202904
2026-04-29 19:00:00,-0.7854016
2026-04-29 20:00:00,-0.86107796
2026-04-29 21:00:00,-0.730559
2026-04-29 22:00:00,-0.4266343
2026-04-29 23:00:00,-0.04592767
2026-04-30 00:00:00,0.29672578
2026-04-30 01:00:00,0.60227406
2026-04-30 02:00:00,0.7268356
2026-04-30 03:00:00,0.6740665
2026-04-30 04:00:00,0.45583612
2026-04-30 05:00:00,0.12784475
2026-04-30 06:00:00,-0.2734747
2026-04-30 07:00:00,-0.5717028
2026-04-30 08:00:00,-0.7340658
2026-04-30 09:00:00,-0.68483
2026-04-30 10:00:00,-0.46583337
2026-04-30 11:00:00,-0.13688849
2026-04-30 12:00:00,0.16581945
2026-04-30 13:00:00,0.43175006
2026-04-30 14:00:00,0.5597252
2026-04-30 15:00:00,0.53836983
2026-04-30 16:00:00,0.31798375
2026-04-30 17:00:00,-0.06480931
2026-04-30 18:00:00,-0.4194932
2026-04-30 19:00:00,-0.72074527
2026-04-30 20:00:00,-0.893311
2026-04-30 21:00:00,-0.8550872
2026-04-30 22:00:00,-0.6213414
2026-04-30 23:00:00,-0.24853896
2026-05-01 00:00:00,0.15859959
2026-05-01 01:00:00,0.5075123
2026-05-01 02:00:00,0.7534785
2026-05-01 03:00:00,0.7819856
2026-05-01 04:00:00,0.64115566
2026-05-01 05:00:00,0.3429431
2026-05-01 06:00:00,-0.059647985
2026-05-01 07:00:00,-0.42515355
2026-05-01 08:00:00,-0.6625762
2026-05-01 09:00:00,-0.72035766
2026-05-01 10:00:00,-0.57465935
2026-05-01 11:00:00,-0.33738953
2026-05-01 12:00:00,0.02038556
2026-05-01 13:00:00,0.33412948
2026-05-01 14:00:00,0.54016954
2026-05-01 15:00:00,0.5701419
2026-05-01 16:00:00,0.4257461
2026-05-01 17:00:00,0.10019307
2026-05-01 18:00:00,-0.23801027
2026-05-01 19:00:00,-0.6049972
2026-05-01 20:00:00,-0.8274593
2026-05-01 21:00:00,-0.8820482
2026-05-01 22:00:00,-0.74164784
2026-05-01 23:00:00,-0.42099926
2026-05-02 00:00:00,-0.022004284
2026-05-02 01:00:00,0.34464332
2026-05-02 02:00:00,0.6895312
2026-05-02 03:00:00,0.81240904
2026-05-02 04:00:00,0.76063895
2026-05-02 05:00:00,0.53844154
2026-05-02 06:00:00,0.19121784
2026-05-02 07:00:00,-0.21997294
2026-05-02 08:00:00,-0.52975607
2026-05-02 09:00:00,-0.698235
2026-05-02 10:00:00,-0.6619076
2026-05-02 11:00:00,-0.45677567
2026-05-02 12:00:00,-0.13405049
2026-05-02 13:00:00,0.17546056
2026-05-02 14:00:00,0.42996114
2026-05-02 15:00:00,0.5548982
2026-05-02 16:00:00,0.50430244
2026-05-02 17:00:00,0.26012868
2026-05-02 18:00:00,-0.066628926
